{
    "normals":[0,0,-1,0,1,0],
    "faces":[41,0,1,3,2,0,1,2,3,0,0,0,0,41,4,5,7,6,4,5,6,7,1,1,1,1],
    "vertices":[0.986774,1,0,0.986775,-1,0,-0.986775,1,-0,-0.986774,-1,-0,-1,0,2.2174,1,0,2.2174,-1,-0,-2.2174,1,-0,-2.2174],
    "metadata":{
        "normals":2,
        "type":"Geometry",
        "faces":2,
        "vertices":8,
        "version":3,
        "generator":"io_three",
        "uvs":1
    },
    "name":"PlaneGeometry",
    "uvs":[[0.704935,0.294611,0.701653,0.017102,0.981316,0.017102,0.984599,0.294611,0.024608,0.975392,0.024608,0.725931,0.412279,0.725931,0.412279,0.975392]]
}